key_1,key_2,key_3,corner,fourth_corner_row,fourth_corner_column,fourth_corner_holds
1,2,`,1,space,2,unidentified
1,2,Z,1,bottom,2,X
1,2,X,2,bottom,1,Z
1,3,`,1,space,3,unidentified
1,3,Z,1,bottom,3,C
1,3,C,3,bottom,1,Z
1,4,A,1,home,4,F
1,4,F,4,home,1,A
1,5,Q,1,top,5,T
1,5,T,5,top,1,Q
1,5,`,1,space,5,unidentified
1,6,Q,1,top,6,Y
1,6,Y,6,top,1,Q
1,6,A,1,home,6,H
1,6,H,6,home,1,A
1,6,`,1,space,6,space
1,6,Z,1,bottom,6,N
1,6,N,6,bottom,1,Z
1,6,space,6,space,1,`
1,7,Q,1,top,7,U
1,7,U,7,top,1,Q
1,7,A,1,home,7,J
1,7,J,7,home,1,A
1,7,`,1,space,7,unidentified
1,7,Z,1,bottom,7,M
1,7,M,7,bottom,1,Z
1,8,Q,1,top,8,I
1,8,I,8,top,1,Q
1,8,A,1,home,8,K
1,8,K,8,home,1,A
1,8,`,1,space,8,unidentified
1,8,Z,1,bottom,8,","
1,8,",",8,bottom,1,Z
1,9,-,9,minus,1,unidentified
1,9,Q,1,top,9,O
1,9,O,9,top,1,Q
1,9,A,1,home,9,L
1,9,L,9,home,1,A
1,9,Z,1,bottom,9,.
1,9,.,9,bottom,1,Z
1,0,Q,1,top,0,P
1,0,P,0,top,1,Q
1,0,A,1,home,0,;
1,0,;,0,home,1,A
1,0,',0,space,1,`
1,0,`,1,space,0,'
1,0,Z,1,bottom,0,/
1,0,/,0,bottom,1,Z
1,Q,T,Q,number,5,5
1,Q,Y,Q,number,6,6
1,Q,U,Q,number,7,7
1,Q,I,Q,number,8,8
1,Q,O,Q,number,9,9
1,Q,P,Q,number,0,0
1,A,F,A,number,4,4
1,A,H,A,number,6,6
1,A,J,A,number,7,7
1,A,K,A,number,8,8
1,A,L,A,number,9,9
1,A,;,A,number,0,0
1,',`,`,number,0,0
1,`,space,`,number,6,6
1,Z,X,Z,number,2,2
1,Z,C,Z,number,3,3
1,Z,N,Z,number,6,6
1,Z,M,Z,number,7,7
1,Z,",",Z,number,8,8
1,Z,.,Z,number,9,9
1,Z,/,Z,number,0,0
2,3,X,2,bottom,3,C
2,3,C,3,bottom,2,X
2,4,W,2,wr,4,R
2,4,R,4,wr,2,W
2,5,S,2,sg,5,G
2,5,G,5,sg,2,S
2,6,X,2,bottom,6,N
2,6,N,6,bottom,2,X
2,6,space,6,space,2,unidentified
2,7,X,2,bottom,7,M
2,7,M,7,bottom,2,X
2,8,X,2,bottom,8,","
2,8,",",8,bottom,2,X
2,9,-,9,minus,2,unidentified
2,9,X,2,bottom,9,.
2,9,.,9,bottom,2,X
2,0,',0,space,2,unidentified
2,0,X,2,bottom,0,/
2,0,/,0,bottom,2,X
2,W,R,W,number,4,4
2,S,G,S,number,5,5
2,Z,X,X,number,1,1
2,X,C,X,number,3,3
2,X,N,X,number,6,6
2,X,M,X,number,7,7
2,X,",",X,number,8,8
2,X,.,X,number,9,9
2,X,/,X,number,0,0
3,4,D,3,dvb,4,V
3,4,V,4,dvb,3,D
3,5,D,3,dvb,5,B
3,5,\,5,bracket,3,unidentified
3,5,B,5,dvb,3,D
3,6,],6,bracket,3,unidentified
3,6,C,3,bottom,6,N
3,6,N,6,bottom,3,C
3,6,space,6,space,3,unidentified
3,7,C,3,bottom,7,M
3,7,M,7,bottom,3,C
3,8,[,8,bracket,3,unidentified
3,8,C,3,bottom,8,","
3,8,",",8,bottom,3,C
3,9,-,9,minus,3,unidentified
3,9,C,3,bottom,9,.
3,9,.,9,bottom,3,C
3,0,',0,space,3,unidentified
3,0,C,3,bottom,0,/
3,0,/,0,bottom,3,C
3,D,V,D,number,4,4
3,D,B,D,number,5,5
3,Z,C,C,number,1,1
3,X,C,C,number,2,2
3,C,N,C,number,6,6
3,C,M,C,number,7,7
3,C,",",C,number,8,8
3,C,.,C,number,9,9
3,C,/,C,number,0,0
4,5,\,5,bracket,4,unidentified
4,5,V,4,dvb,5,B
4,5,B,5,dvb,4,V
4,6,],6,bracket,4,unidentified
4,6,F,4,home,6,H
4,6,H,6,home,4,F
4,7,F,4,home,7,J
4,7,J,7,home,4,F
4,8,[,8,bracket,4,unidentified
4,8,F,4,home,8,K
4,8,K,8,home,4,F
4,9,F,4,home,9,L
4,9,L,9,home,4,F
4,0,F,4,home,0,;
4,0,;,0,home,4,F
4,W,R,R,number,2,2
4,A,F,F,number,1,1
4,D,V,V,number,3,3
4,F,H,F,number,6,6
4,F,J,F,number,7,7
4,F,K,F,number,8,8
4,F,L,F,number,9,9
4,F,;,F,number,0,0
4,V,B,V,number,5,5
5,6,T,5,top,6,Y
5,6,Y,6,top,5,T
5,6,],6,bracket,5,\
5,6,\,5,bracket,6,]
5,6,space,6,space,5,unidentified
5,7,T,5,top,7,U
5,7,U,7,top,5,T
5,7,\,5,bracket,7,unidentified
5,8,T,5,top,8,I
5,8,I,8,top,5,T
5,8,[,8,bracket,5,\
5,8,\,5,bracket,8,[
5,9,T,5,top,9,O
5,9,O,9,top,5,T
5,9,\,5,bracket,9,unidentified
5,0,T,5,top,0,P
5,0,P,0,top,5,T
5,0,',0,space,5,unidentified
5,0,\,5,bracket,0,unidentified
5,Q,T,T,number,1,1
5,T,Y,T,number,6,6
5,T,U,T,number,7,7
5,T,I,T,number,8,8
5,T,O,T,number,9,9
5,T,P,T,number,0,0
5,[,\,\,number,8,8
5,],\,\,number,6,6
5,S,G,G,number,2,2
5,D,B,B,number,3,3
5,V,B,B,number,4,4
6,7,Y,6,top,7,U
6,7,U,7,top,6,Y
6,7,],6,bracket,7,unidentified
6,7,H,6,home,7,J
6,7,J,7,home,6,H
6,7,N,6,bottom,7,M
6,7,M,7,bottom,6,N
6,7,space,6,space,7,unidentified
6,8,Y,6,top,8,I
6,8,I,8,top,6,Y
6,8,[,8,bracket,6,]
6,8,],6,bracket,8,[
6,8,H,6,home,8,K
6,8,K,8,home,6,H
6,8,N,6,bottom,8,","
6,8,",",8,bottom,6,N
6,8,space,6,space,8,unidentified
6,9,Y,6,top,9,O
6,9,O,9,top,6,Y
6,9,],6,bracket,9,unidentified
6,9,H,6,home,9,L
6,9,L,9,home,6,H
6,9,N,6,bottom,9,.
6,9,.,9,bottom,6,N
6,0,Y,6,top,0,P
6,0,P,0,top,6,Y
6,0,],6,bracket,0,unidentified
6,0,H,6,home,0,;
6,0,;,0,home,6,H
6,0,',0,space,6,space
6,0,N,6,bottom,0,/
6,0,/,0,bottom,6,N
6,0,space,6,space,0,'
6,Q,Y,Y,number,1,1
6,T,Y,Y,number,5,5
6,Y,U,Y,number,7,7
6,Y,I,Y,number,8,8
6,Y,O,Y,number,9,9
6,Y,P,Y,number,0,0
6,[,],],number,8,8
6,],\,],number,5,5
6,A,H,H,number,1,1
6,F,H,H,number,4,4
6,H,J,H,number,7,7
6,H,K,H,number,8,8
6,H,L,H,number,9,9
6,H,;,H,number,0,0
6,',space,space,number,0,0
6,`,space,space,number,1,1
6,Z,N,N,number,1,1
6,X,N,N,number,2,2
6,C,N,N,number,3,3
6,N,M,N,number,7,7
6,N,",",N,number,8,8
6,N,.,N,number,9,9
6,N,/,N,number,0,0
7,8,U,7,top,8,I
7,8,I,8,top,7,U
7,8,[,8,bracket,7,unidentified
7,8,J,7,home,8,K
7,8,K,8,home,7,J
7,8,M,7,bottom,8,","
7,8,",",8,bottom,7,M
7,9,-,9,minus,7,unidentified
7,9,U,7,top,9,O
7,9,O,9,top,7,U
7,9,J,7,home,9,L
7,9,L,9,home,7,J
7,9,M,7,bottom,9,.
7,9,.,9,bottom,7,M
7,0,U,7,top,0,P
7,0,P,0,top,7,U
7,0,J,7,home,0,;
7,0,;,0,home,7,J
7,0,',0,space,7,unidentified
7,0,M,7,bottom,0,/
7,0,/,0,bottom,7,M
7,Q,U,U,number,1,1
7,T,U,U,number,5,5
7,Y,U,U,number,6,6
7,U,I,U,number,8,8
7,U,O,U,number,9,9
7,U,P,U,number,0,0
7,A,J,J,number,1,1
7,F,J,J,number,4,4
7,H,J,J,number,6,6
7,J,K,J,number,8,8
7,J,L,J,number,9,9
7,J,;,J,number,0,0
7,Z,M,M,number,1,1
7,X,M,M,number,2,2
7,C,M,M,number,3,3
7,N,M,M,number,6,6
7,M,",",M,number,8,8
7,M,.,M,number,9,9
7,M,/,M,number,0,0
8,9,-,9,minus,8,unidentified
8,9,I,8,top,9,O
8,9,O,9,top,8,I
8,9,[,8,bracket,9,unidentified
8,9,K,8,home,9,L
8,9,L,9,home,8,K
8,9,",",8,bottom,9,.
8,9,.,9,bottom,8,","
8,0,I,8,top,0,P
8,0,P,0,top,8,I
8,0,[,8,bracket,0,unidentified
8,0,K,8,home,0,;
8,0,;,0,home,8,K
8,0,',0,space,8,unidentified
8,0,",",8,bottom,0,/
8,0,/,0,bottom,8,","
8,Q,I,I,number,1,1
8,T,I,I,number,5,5
8,Y,I,I,number,6,6
8,U,I,I,number,7,7
8,I,O,I,number,9,9
8,I,P,I,number,0,0
8,[,],[,number,6,6
8,[,\,[,number,5,5
8,A,K,K,number,1,1
8,F,K,K,number,4,4
8,H,K,K,number,6,6
8,J,K,K,number,7,7
8,K,L,K,number,9,9
8,K,;,K,number,0,0
8,Z,",",",",number,1,1
8,X,",",",",number,2,2
8,C,",",",",number,3,3
8,N,",",",",number,6,6
8,M,",",",",number,7,7
8,",",.,",",number,9,9
8,",",/,",",number,0,0
9,0,-,9,minus,0,unidentified
9,0,O,9,top,0,P
9,0,P,0,top,9,O
9,0,L,9,home,0,;
9,0,;,0,home,9,L
9,0,.,9,bottom,0,/
9,0,/,0,bottom,9,.
9,-,=,9,minus,=,unidentified
9,Q,O,O,number,1,1
9,T,O,O,number,5,5
9,Y,O,O,number,6,6
9,U,O,O,number,7,7
9,I,O,O,number,8,8
9,O,P,O,number,0,0
9,A,L,L,number,1,1
9,F,L,L,number,4,4
9,H,L,L,number,6,6
9,J,L,L,number,7,7
9,K,L,L,number,8,8
9,L,;,L,number,0,0
9,Z,.,.,number,1,1
9,X,.,.,number,2,2
9,C,.,.,number,3,3
9,N,.,.,number,6,6
9,M,.,.,number,7,7
9,",",.,.,number,8,8
9,.,/,.,number,0,0
0,Q,P,P,number,1,1
0,T,P,P,number,5,5
0,Y,P,P,number,6,6
0,U,P,P,number,7,7
0,I,P,P,number,8,8
0,O,P,P,number,9,9
0,A,;,;,number,1,1
0,F,;,;,number,4,4
0,H,;,;,number,6,6
0,J,;,;,number,7,7
0,K,;,;,number,8,8
0,L,;,;,number,9,9
0,',`,',number,1,1
0,',space,',number,6,6
0,Z,/,/,number,1,1
0,X,/,/,number,2,2
0,C,/,/,number,3,3
0,N,/,/,number,6,6
0,M,/,/,number,7,7
0,",",/,/,number,8,8
0,.,/,/,number,9,9
-,Q,O,O,minus,1,unidentified
-,U,O,O,minus,7,unidentified
-,I,O,O,minus,8,unidentified
-,O,P,O,minus,0,unidentified
-,A,L,L,minus,1,unidentified
-,J,L,L,minus,7,unidentified
-,K,L,L,minus,8,unidentified
-,L,;,L,minus,0,unidentified
-,Z,.,.,minus,1,unidentified
-,X,.,.,minus,2,unidentified
-,C,.,.,minus,3,unidentified
-,M,.,.,minus,7,unidentified
-,",",.,.,minus,8,unidentified
-,.,/,.,minus,0,unidentified
Q,T,`,Q,space,5,unidentified
Q,Y,A,Q,home,6,H
Q,Y,H,Y,home,1,A
Q,Y,`,Q,space,6,space
Q,Y,Z,Q,bottom,6,N
Q,Y,N,Y,bottom,1,Z
Q,Y,space,Y,space,1,`
Q,U,A,Q,home,7,J
Q,U,J,U,home,1,A
Q,U,`,Q,space,7,unidentified
Q,U,Z,Q,bottom,7,M
Q,U,M,U,bottom,1,Z
Q,I,A,Q,home,8,K
Q,I,K,I,home,1,A
Q,I,`,Q,space,8,unidentified
Q,I,Z,Q,bottom,8,","
Q,I,",",I,bottom,1,Z
Q,O,A,Q,home,9,L
Q,O,L,O,home,1,A
Q,O,Z,Q,bottom,9,.
Q,O,.,O,bottom,1,Z
Q,P,A,Q,home,0,;
Q,P,;,P,home,1,A
Q,P,',P,space,1,`
Q,P,`,Q,space,0,'
Q,P,Z,Q,bottom,0,/
Q,P,/,P,bottom,1,Z
Q,A,H,A,top,6,Y
Q,A,J,A,top,7,U
Q,A,K,A,top,8,I
Q,A,L,A,top,9,O
Q,A,;,A,top,0,P
Q,',`,`,top,0,P
Q,`,space,`,top,6,Y
Q,Z,N,Z,top,6,Y
Q,Z,M,Z,top,7,U
Q,Z,",",Z,top,8,I
Q,Z,.,Z,top,9,O
Q,Z,/,Z,top,0,P
T,Y,],Y,bracket,5,\
T,Y,\,T,bracket,6,]
T,Y,space,Y,space,5,unidentified
T,U,\,T,bracket,7,unidentified
T,I,[,I,bracket,5,\
T,I,\,T,bracket,8,[
T,O,\,T,bracket,9,unidentified
T,P,',P,space,5,unidentified
T,P,\,T,bracket,0,unidentified
T,[,\,\,top,8,I
T,],\,\,top,6,Y
Y,U,],Y,bracket,7,unidentified
Y,U,H,Y,home,7,J
Y,U,J,U,home,6,H
Y,U,N,Y,bottom,7,M
Y,U,M,U,bottom,6,N
Y,U,space,Y,space,7,unidentified
Y,I,[,I,bracket,6,]
Y,I,],Y,bracket,8,[
Y,I,H,Y,home,8,K
Y,I,K,I,home,6,H
Y,I,N,Y,bottom,8,","
Y,I,",",I,bottom,6,N
Y,I,space,Y,space,8,unidentified
Y,O,],Y,bracket,9,unidentified
Y,O,H,Y,home,9,L
Y,O,L,O,home,6,H
Y,O,N,Y,bottom,9,.
Y,O,.,O,bottom,6,N
Y,P,],Y,bracket,0,unidentified
Y,P,H,Y,home,0,;
Y,P,;,P,home,6,H
Y,P,',P,space,6,space
Y,P,N,Y,bottom,0,/
Y,P,/,P,bottom,6,N
Y,P,space,Y,space,0,'
Y,[,],],top,8,I
Y,],\,],top,5,T
Y,A,H,H,top,1,Q
Y,H,J,H,top,7,U
Y,H,K,H,top,8,I
Y,H,L,H,top,9,O
Y,H,;,H,top,0,P
Y,',space,space,top,0,P
Y,`,space,space,top,1,Q
Y,Z,N,N,top,1,Q
Y,N,M,N,top,7,U
Y,N,",",N,top,8,I
Y,N,.,N,top,9,O
Y,N,/,N,top,0,P
U,I,[,I,bracket,7,unidentified
U,I,J,U,home,8,K
U,I,K,I,home,7,J
U,I,M,U,bottom,8,","
U,I,",",I,bottom,7,M
U,O,J,U,home,9,L
U,O,L,O,home,7,J
U,O,M,U,bottom,9,.
U,O,.,O,bottom,7,M
U,P,J,U,home,0,;
U,P,;,P,home,7,J
U,P,',P,space,7,unidentified
U,P,M,U,bottom,0,/
U,P,/,P,bottom,7,M
U,A,J,J,top,1,Q
U,H,J,J,top,6,Y
U,J,K,J,top,8,I
U,J,L,J,top,9,O
U,J,;,J,top,0,P
U,Z,M,M,top,1,Q
U,N,M,M,top,6,Y
U,M,",",M,top,8,I
U,M,.,M,top,9,O
U,M,/,M,top,0,P
I,O,[,I,bracket,9,unidentified
I,O,K,I,home,9,L
I,O,L,O,home,8,K
I,O,",",I,bottom,9,.
I,O,.,O,bottom,8,","
I,P,[,I,bracket,0,unidentified
I,P,K,I,home,0,;
I,P,;,P,home,8,K
I,P,',P,space,8,unidentified
I,P,",",I,bottom,0,/
I,P,/,P,bottom,8,","
I,[,],[,top,6,Y
I,[,\,[,top,5,T
I,A,K,K,top,1,Q
I,H,K,K,top,6,Y
I,J,K,K,top,7,U
I,K,L,K,top,9,O
I,K,;,K,top,0,P
I,Z,",",",",top,1,Q
I,N,",",",",top,6,Y
I,M,",",",",top,7,U
I,",",.,",",top,9,O
I,",",/,",",top,0,P
O,P,L,O,home,0,;
O,P,;,P,home,9,L
O,P,.,O,bottom,0,/
O,P,/,P,bottom,9,.
O,A,L,L,top,1,Q
O,H,L,L,top,6,Y
O,J,L,L,top,7,U
O,K,L,L,top,8,I
O,L,;,L,top,0,P
O,Z,.,.,top,1,Q
O,N,.,.,top,6,Y
O,M,.,.,top,7,U
O,",",.,.,top,8,I
O,.,/,.,top,0,P
P,A,;,;,top,1,Q
P,H,;,;,top,6,Y
P,J,;,;,top,7,U
P,K,;,;,top,8,I
P,L,;,;,top,9,O
P,',`,',top,1,Q
P,',space,',top,6,Y
P,Z,/,/,top,1,Q
P,N,/,/,top,6,Y
P,M,/,/,top,7,U
P,",",/,/,top,8,I
P,.,/,/,top,9,O
[,],H,],home,8,K
[,],K,[,home,6,H
[,],N,],bottom,8,","
[,],",",[,bottom,6,N
[,],space,],space,8,unidentified
[,F,K,K,bracket,4,unidentified
[,H,K,K,bracket,6,]
[,J,K,K,bracket,7,unidentified
[,K,L,K,bracket,9,unidentified
[,K,;,K,bracket,0,unidentified
[,C,",",",",bracket,3,unidentified
[,N,",",",",bracket,6,]
[,M,",",",",bracket,7,unidentified
[,",",.,",",bracket,9,unidentified
[,",",/,",",bracket,0,unidentified
],F,H,H,bracket,4,unidentified
],H,J,H,bracket,7,unidentified
],H,K,H,bracket,8,[
],H,L,H,bracket,9,unidentified
],H,;,H,bracket,0,unidentified
],',space,space,bracket,0,unidentified
],\,space,],space,5,unidentified
],C,N,N,bracket,3,unidentified
],N,M,N,bracket,7,unidentified
],N,",",N,bracket,8,[
],N,.,N,bracket,9,unidentified
],N,/,N,bracket,0,unidentified
A,H,`,A,space,6,space
A,H,Z,A,bottom,6,N
A,H,N,H,bottom,1,Z
A,H,space,H,space,1,`
A,J,`,A,space,7,unidentified
A,J,Z,A,bottom,7,M
A,J,M,J,bottom,1,Z
A,K,`,A,space,8,unidentified
A,K,Z,A,bottom,8,","
A,K,",",K,bottom,1,Z
A,L,Z,A,bottom,9,.
A,L,.,L,bottom,1,Z
A,;,',;,space,1,`
A,;,`,A,space,0,'
A,;,Z,A,bottom,0,/
A,;,/,;,bottom,1,Z
A,',`,`,home,0,;
A,`,space,`,home,6,H
A,Z,N,Z,home,6,H
A,Z,M,Z,home,7,J
A,Z,",",Z,home,8,K
A,Z,.,Z,home,9,L
A,Z,/,Z,home,0,;
D,\,B,B,bracket,3,unidentified
H,J,N,H,bottom,7,M
H,J,M,J,bottom,6,N
H,J,space,H,space,7,unidentified
H,K,N,H,bottom,8,","
H,K,",",K,bottom,6,N
H,K,space,H,space,8,unidentified
H,L,N,H,bottom,9,.
H,L,.,L,bottom,6,N
H,;,',;,space,6,space
H,;,N,H,bottom,0,/
H,;,/,;,bottom,6,N
H,;,space,H,space,0,'
H,',space,space,home,0,;
H,`,space,space,home,1,A
H,Z,N,N,home,1,A
H,N,M,N,home,7,J
H,N,",",N,home,8,K
H,N,.,N,home,9,L
H,N,/,N,home,0,;
J,K,M,J,bottom,8,","
J,K,",",K,bottom,7,M
J,L,M,J,bottom,9,.
J,L,.,L,bottom,7,M
J,;,',;,space,7,unidentified
J,;,M,J,bottom,0,/
J,;,/,;,bottom,7,M
J,Z,M,M,home,1,A
J,N,M,M,home,6,H
J,M,",",M,home,8,K
J,M,.,M,home,9,L
J,M,/,M,home,0,;
K,L,",",K,bottom,9,.
K,L,.,L,bottom,8,","
K,;,',;,space,8,unidentified
K,;,",",K,bottom,0,/
K,;,/,;,bottom,8,","
K,Z,",",",",home,1,A
K,N,",",",",home,6,H
K,M,",",",",home,7,J
K,",",.,",",home,9,L
K,",",/,",",home,0,;
L,;,.,L,bottom,0,/
L,;,/,;,bottom,9,.
L,Z,.,.,home,1,A
L,N,.,.,home,6,H
L,M,.,.,home,7,J
L,",",.,.,home,8,K
L,.,/,.,home,0,;
;,',`,',home,1,A
;,',space,',home,6,H
;,Z,/,/,home,1,A
;,N,/,/,home,6,H
;,M,/,/,home,7,J
;,",",/,/,home,8,K
;,.,/,/,home,9,L
',`,Z,`,bottom,0,/
',`,/,',bottom,1,Z
',Z,/,/,space,1,`
',X,/,/,space,2,unidentified
',C,/,/,space,3,unidentified
',N,/,/,space,6,space
',N,space,space,bottom,0,/
',M,/,/,space,7,unidentified
',",",/,/,space,8,unidentified
',/,space,',bottom,6,N
\,V,B,B,bracket,4,unidentified
`,Z,X,Z,space,2,unidentified
`,Z,C,Z,space,3,unidentified
`,Z,N,Z,space,6,space
`,Z,M,Z,space,7,unidentified
`,Z,",",Z,space,8,unidentified
`,Z,/,Z,space,0,'
`,Z,space,`,bottom,6,N
`,N,space,space,bottom,1,Z
Z,N,space,N,space,1,`
X,N,space,N,space,2,unidentified
C,N,space,N,space,3,unidentified
N,M,space,N,space,7,unidentified
N,",",space,N,space,8,unidentified
N,/,space,N,space,0,'
